accuracy_score,f1_score,precision_score,recall_score
0.9380530973451328,0.7116104868913857,0.7421875,0.6834532374100719
