accuracy_score,f1_score,precision_score,recall_score
0.9324215607401448,0.6818181818181818,0.72,0.6474820143884892
