accuracy_score,f1_score,precision_score,recall_score
0.5467625899280576,0.7069767441860465,1.0,0.5467625899280576
