accuracy_score,f1_score,precision_score,recall_score
0.984719493560358,0.958968347010551,0.9373567608861727,0.9816
