accuracy_score,f1_score,precision_score,recall_score
0.9875573018991487,0.9663319551092735,0.9515316013958899,0.9816
