accuracy_score,f1_score,precision_score,recall_score
0.9836280288146693,0.9561317995710665,0.9326740205401294,0.9808
