accuracy_score,f1_score,precision_score,recall_score
0.9707487448155424,0.9220023282887078,0.8952524491333835,0.9504
