accuracy_score,f1_score,precision_score,recall_score
0.9784617623517428,0.9427466150870406,0.9127340823970037,0.9748
