accuracy_score,f1_score,precision_score,recall_score
0.9762060685439861,0.9370548604427333,0.9031539888682746,0.9736
