accuracy_score,f1_score,precision_score,recall_score
0.9905406388706978,0.9742676167854315,0.9643416927899686,0.9844
